Comment,Designator,Footprint,LCSC
4.7uF,"C1,C2,C10",Capacitor_SMD:C_0805_2012Metric,C1779
100nF,"C3,C4,C5,C6,C7,C8,C9",Capacitor_SMD:C_0603_1608Metric,C14663
WS2812B,"D1,D2,D3,D4,D5,D6,D8,D9,D10,D11,D12,D13,D14,D15,D16,D17,D18,D19,D20,D21,D22,D23,D24,D25,D26,D27,D28,D29",LED_SMD:LED_WS2812B_PLCC4_5.0x5.0mm_P3.2mm,C114586
LED_ALT,D7,Diode_SMD:D_0805_2012Metric,C84256
10K,"R1,R3,R4,R5,R6",Resistor_SMD:R_0603_1608Metric,C25804
270R,R2,Resistor_SMD:R_0603_1608Metric,C22966
AMS1117-3.3,U1,Package_TO_SOT_SMD:SOT-223-3_TabPin2,C6186
STM32F401RETx,U2,Package_QFP:LQFP-64_10x10mm_P0.5mm,C116978
LM75B,U3,Package_SO:SOIC-8_3.9x4.9mm_P1.27mm,C34565
